A,B,,D,E
10.113.79.99,TBMNC-SW-803-MDF1-G-1-7-EXT-1.toyota.com,,10.113.79.99,tbmnc-sw-803-mdf1-g-1-7-ext-1.toyota.com
10.113.79.98,TBMNC-SW-803-MDF1-F-6-EXT-1.toyota.com,,10.113.79.98,tbmnc-sw-803-mdf1-f-6-ext-1.toyota.com
10.113.79.33,TBMNC-SW-803-MDF1-E-5-5-EXT-1.toyota.com,,10.113.79.33,tbmnc-sw-803-mdf1-e-5-5-ext-1.toyota.com
10.113.79.200,TBMNC-SW-801-L1IDF2-G-5-18-EXT-1.toyota.com,,10.113.79.200,tbmnc-sw-801-l1idf2-g-5-18-ext-1.toyota.com
10.113.79.194,TBMNC-SW-801-MDF2-H-4-18-EXT-1.toyota.com,,10.113.79.194,tbmnc-sw-801-mdf2-h-4-18-ext-1.toyota.com
10.113.79.165,TBMNC-SW-801-MDF1-F-2-EXT-1.toyota.com,,10.113.79.165,tbmnc-sw-801-mdf1-f-2-ext-1.toyota.com
10.113.79.138,TBMNC-SW-803-MDF1-F-3-EXT-1.toyota.com,,10.113.79.138,tbmnc-sw-803-mdf1-f-3-ext-1.toyota.com
10.113.79.108,TBMNC-SW-803-MDF1-G-1-5-EXT-1.toyota.com,,10.113.79.108,tbmnc-sw-803-mdf1-g-1-5-ext-1.toyota.com
10.113.78.211,TBMNC-SW-801-L1IDF1-D-4-2-EXT-1.toyota.com,,10.113.78.211,N/A
10.113.77.89,TBMNC-SW-803-MDF1-E-5-8-9-EXT-1.toyota.com,,10.113.77.89,tbmnc-sw-803-mdf1-e-5-8-9-ext-1.toyota.com
10.113.77.182,TBMNC-SW-802-IDF1-E-13-5-EXT-1.toyota.com,,10.113.77.182,N/A
10.113.75.199,TBMNC-SW-803-MDF2-K-11-EXT-1.toyota.com,,10.113.75.199,tbmnc-sw-803-mdf2-k-11-ext-1.toyota.com
10.113.75.151,TBMNC-SW-803-MDF1-C-1-4-EXT-1.toyota.com,,10.113.75.151,tbmnc-sw-803-mdf1-c-1-4-ext-1.toyota.com
10.113.75.150,TBMNC-SW-803-MDF1-B-5-EXT-1.toyota.com,,10.113.75.150,tbmnc-sw-803-mdf1-b-5-ext-1.toyota.com
10.113.75.147,TBMNC-SW-803-MDF1-E-4-EXT-1.toyota.com,,10.113.75.147,tbmnc-sw-803-mdf1-e-4-ext-1.toyota.com
10.113.75.145,TBMNC-SW-803-MDF1-D-4-EXT-1.toyota.com,,10.113.75.145,tbmnc-sw-803-mdf1-d-4-ext-1.toyota.com
10.113.75.144,TBMNC-SW-803-MDF1-E-4-1-EXT-1.toyota.com,,10.113.75.144,tbmnc-sw-803-mdf1-e-4-1-ext-1.toyota.com
10.113.73.199,TBMNC-SW-802-IDF1-D-4-9-7-EXT-1.toyota.com,,10.113.73.199,tbmnc-sw-802-idf1-d-4-9-7-ext-1.toyota.com
10.113.73.198,TBMNC-SW-801-L1IDF2-E-13-5-EXT-1.toyota.com,,10.113.73.198,N/A
10.113.73.193,TBMNC-SW-802-MDF1-E-13-EXT-1.toyota.com,,10.113.73.193,N/A
10.113.72.44,TBMNC-SW-803-MDF1-E-10-EXT-1.toyota.com,,10.113.72.44,tbmnc-sw-803-mdf1-e-10-ext-1.toyota.com
10.113.71.255,TBMNC-SW-803-MDF2-M-11-EXT-1.toyota.com,,10.113.71.255,tbmnc-sw-803-mdf2-m-11-ext-1.toyota.com
10.113.64.64,TBMNC-SW-802-MDF1-G-8-11-EXT-1.toyota.com,,10.113.64.64,N/A
10.113.64.40,TBMNC-SW-801-L1IDF1-E-5-3-5-EXT-1.toyota.com,,10.113.64.40,tbmnc-sw-801-l1idf1-e-5-3-5-ext-1.toyota.com
10.113.137.254,TBMNC-SW-DC-A03-A10-SDS-1A.toyota.com,,10.113.137.254,tbmnc-sw-dc-a03-a10-sds-1a.toyota.com
10.113.128.27,TBMNC-SW-DC-B02-OTLAB-1A.toyota.com,,10.113.128.27,tbmnc-sw-dc-b02-otlab-1a.toyota.com
10.113.128.26,TBMNC-SW-DC-A04-A09-WAN-1A.toyota.com,,10.113.128.26,tbmnc-sw-dc-a04-a09-wan-1a.toyota.com
10.113.128.25,TBMNC-SW-DC-C12-SVR-1D.toyota.com,,10.113.128.25,tbmnc-sw-dc-c12-svr-1d.toyota.com
10.113.128.24,TBMNC-SW-DC-C03-SVR-1C.toyota.com,,10.113.128.24,tbmnc-sw-dc-c03-svr-1c.toyota.com
10.113.128.23,TBMNC-SW-DC-B01-SVR-1C.toyota.com,,10.113.128.23,tbmnc-sw-dc-b01-svr-1c.toyota.com
10.113.128.22,TBMNC-SW-DC-B10-SVR-1D.toyota.com,,10.113.128.22,tbmnc-sw-dc-b10-svr-1d.toyota.com
10.113.128.21,TBMNC-SW-DC-A08-NW-1C.toyota.com,,10.113.128.21,tbmnc-sw-dc-a08-nw-1c.toyota.com
10.113.128.20,TBMNC-SW-DC-A05-NW-1B.toyota.com,,10.113.128.20,tbmnc-sw-dc-a05-nw-1b.toyota.com
10.113.128.15,TBMNC-SW-DC-C03-C12-SVR-1A.toyota.com,,10.113.128.15,tbmnc-sw-dc-c03-c12-svr-1a.toyota.com
10.113.128.14,TBMNC-SW-DC-C03-C12-SVR-1B.toyota.com,,10.113.128.14,tbmnc-sw-dc-c03-c12-svr-1b.toyota.com
10.113.128.13,TBMNC-SW-DC-B01-B10-SVR-1A.toyota.com,,10.113.128.13,tbmnc-sw-dc-b01-b10-svr-1a.toyota.com
10.113.128.12,TBMNC-SW-DC-B01-B10-SVR-1B.toyota.com,,10.113.128.12,tbmnc-sw-dc-b01-b10-svr-1b.toyota.com
10.113.128.11,TBMNC-SW-DC-A05-A08-NW-1A.toyota.com,,10.113.128.11,tbmnc-sw-dc-a05-a08-nw-1a.toyota.com
10.113.128.10,TBMNC-SW-DC-A04-A09-DMZ-1A.toyota.com,,10.113.128.10,tbmnc-sw-dc-a04-a09-dmz-1a.toyota.com
10.113.79.199,TBMNC-SW-801-L1IDF2-E-5-14-EXT-1.toyota.com,,10.113.79.199,tbmnc-sw-801-l1ldf2-e-5-14-ext-1.toyota.com
10.113.79.198,TBMNC-SW-801-MDF1-F-1-3-EXT-1.toyota.com,,10.113.79.198,tbmnc-sw-801-mdf1-f-1-3-ext-1.toyota.com
10.113.79.197,TBMNC-SW-801-MDF2-H-14-EXT-1.toyota.com,,10.113.79.197,tbmnc-sw-801-mdf2-h-14-ext-1.toyota.com
10.113.79.196,TBMNC-SW-801-MDF2-F-2-14-5-EXT-1.toyota.com,,10.113.79.196,tbmnc-sw-801-mdf2-f-2-14-5-ext-1.toyota.com
10.113.79.195,TBMNC-SW-801-MDF1-G-8-3-EXT-1.toyota.com,,10.113.79.195,tbmnc-sw-801-mdf1-g-8-3-ext-1.toyota.com
10.113.79.193,TBMNC-SW-801-MDF1-E-3-EXT-1.toyota.com,,10.113.79.193,tbmnc-sw-801-mdf1-e-3-ext-1.toyota.com
10.113.79.192,TBMNC-SW-801-MDF1-D-3-5-EXT-1.toyota.com,,10.113.79.192,tbmnc-sw-801-mdf1-d-3-5-ext-1.toyota.com
10.113.79.184,TBMNC-SW-801-L1IDF1-F-3-EXT-1.toyota.com,,10.113.79.184,tbmnc-sw-801-l1idf1-f-3-ext-1.toyota.com
10.113.79.180,TBMNC-SW-801-MDF1-D-7-3-EXT-1.toyota.com,,10.113.79.180,tbmnc-sw-801-mdf1-d-7-3-ext-1.toyota.com
10.113.79.179,TBMNC-SW-801-L1IDF1-E-4-6-EXT-1.toyota.com,,10.113.79.179,tbmnc-sw-801-l1idf1-e-4-6-ext-1.toyota.com
10.113.79.178,TBMNC-SW-801-L1IDF1-D-8-4-EXT-1.toyota.com,,10.113.79.178,tbmnc-sw-801-l1idf1-d-8-4-ext-1.toyota.com
10.113.79.177,TBMNC-SW-801-L1IDF1-G-3-EXT-1.toyota.com,,10.113.79.177,tbmnc-sw-801-l1idf1-g-3-ext-1.toyota.com
10.113.79.176,TBMNC-SW-801-L1IDF1-H-2-EXT-1.toyota.com,,10.113.79.176,tbmnc-sw-801-l1idf1-h-2-ext-1.toyota.com
10.113.79.175,TBMNC-SW-802-IDF2-F-7-22-EXT-1.toyota.com,,10.113.79.175,tbmnc-sw-802-idf2-f-7-22-ext-1.toyota.com
10.113.79.174,TBMNC-SW-802-IDF2-E-21-5-EXT-1.toyota.com,,10.113.79.174,tbmnc-sw-802-idf2-e-21-5-ext-1.toyota.com
10.113.79.173,TBMNC-SW-802-MDF2-E-22-EXT-1.toyota.com,,10.113.79.173,tbmnc-sw-802-mdf2-e-22-ext-1.toyota.com
10.113.79.172,TBMNC-SW-802-IDF2-E-5-22-EXT-1.toyota.com,,10.113.79.172,tbmnc-sw-802-idf2-e-5-22-ext-1.toyota.com
10.113.79.171,TBMNC-SW-802-MDF2-E-20-EXT-1.toyota.com,,10.113.79.171,tbmnc-sw-802-mdf2-e-20-ext-1.toyota.com
10.113.79.170,TBMNC-SW-802-IDF2-D-5-19-7-EXT-1.toyota.com,,10.113.79.170,tbmnc-sw-802-idf2-d-5-19-7-ext-1.toyota.com
10.113.79.169,TBMNC-SW-802-MDF2-E-21-EXT-1.toyota.com,,10.113.79.169,N/A
10.113.79.168,TBMNC-SW-802-IDF2-E-20-5-EXT-1.toyota.com,,10.113.79.168,tbmnc-sw-802-idf2-e-20-5-ext-1.toyota.com
10.113.79.163,TBMNC-SW-802-MDF2-F-2-22-5-EXT-1.toyota.com,,10.113.79.163,tbmnc-sw-802-mdf2-f-2-22-5-ext-1.toyota.com
10.113.79.159,TBMNC-SW-802-MDF1-D-7-11-EXT-1.toyota.com,,10.113.79.159,tbmnc-sw-802-mdf1-d-7-11-ext-1.toyota.com
10.113.79.158,TBMNC-SW-802-MDF1-E-11-EXT-1.toyota.com,,10.113.79.158,tbmnc-sw-802-mdf1-e-11-ext-1.toyota.com
10.113.79.157,TBMNC-SW-802-IDF1-F-11-EXT-1.toyota.com,,10.113.79.157,tbmnc-sw-802-idf1-f-11-ext-1.toyota.com
10.113.79.155,TBMNC-SW-802-MDF1-D-3-13-EXT-1.toyota.com,,10.113.79.155,tbmnc-sw-802-mdf1-d-3-13-ext-1.toyota.com
10.113.79.154,TBMNC-SW-802-IDF1-E-12-6-EXT-1.toyota.com,,10.113.79.154,tbmnc-sw-802-idf1-e-12-6-ext-1.toyota.com
10.113.79.153,TBMNC-SW-802-MDF1-F-1-11-EXT-1.toyota.com,,10.113.79.153,tbmnc-sw-802-mdf1-f-1-11-ext-1.toyota.com
10.113.79.152,TBMNC-SW-802-MDF1-F-9-7-EXT-1.toyota.com,,10.113.79.152,N/A
10.113.79.151,TBMNC-SW-802-MDF2-F-2-23-EXT-1.toyota.com,,10.113.79.151,tbmnc-sw-802-mdf2-f-2-23-ext-1.toyota.com
10.113.79.150,TBMNC-SW-802-MDF2-E-24-3-EXT-1.toyota.com,,10.113.79.150,tbmnc-sw-802-mdf2-e-24-3-ext-1.toyota.com
10.113.79.148,TBMNC-SW-802-MDF2-H-22-EXT-1.toyota.com,,10.113.79.148,tbmnc-sw-802-mdf2-h-22-ext-1.toyota.com
10.113.79.147,TBMNC-SW-802-IDF1-H-9-7-EXT-1.toyota.com,,10.113.79.147,tbmnc-sw-802-idf1-h-9-7-ext-1.toyota.com
10.113.79.145,TBMNC-SW-802-MDF2-G-7-24-3-EXT-1.toyota.com,,10.113.79.145,tbmnc-sw-802-mdf2-g-7-24-3-ext-1.toyota.com
10.113.79.144,TBMNC-SW-802-IDF2-G-9-23-EXT-1.toyota.com,,10.113.79.144,tbmnc-sw-802-idf2-g-9-23-ext-1.toyota.com
10.113.79.142,TBMNC-SW-803-MDF1-F-7-EXT-1.toyota.com,,10.113.79.142,tbmnc-sw-803-mdf1-f-7-ext-1.toyota.com
10.113.79.136,TBMNC-SW-803-MDF1-C-8-EXT-1.toyota.com,,10.113.79.136,tbmnc-sw-803-mdf1-c-8-ext-1.toyota.com
10.113.79.135,TBMNC-SW-802-MDF1-E-14-EXT-1.toyota.com,,10.113.79.135,tbmnc-sw-802-mdf1-e-14-ext-1.toyota.com
10.113.79.129,TBMNC-SW-802-IDF2-E-HOUSE-1-EXT-1.toyota.com,,10.113.79.129,N/A
10.113.79.126,TBMNC-SW-802-IDF1-G-11-EXT-1.toyota.com,,10.113.79.126,N/A
10.113.79.115,TBMNC-SW-803-MDF1-E-11-EXT-1.toyota.com,,10.113.79.115,tbmnc-sw-803-mdf1-e-11-ext-1.toyota.com
10.113.79.113,TBMNC-SW-803-MDF1-F-5-10-EXT-1.toyota.com,,10.113.79.113,tbmnc-sw-803-mdf1-f-5-10-ext-1.toyota.com
10.113.79.112,TBMNC-SW-803-MDF1-D-10x-EXT-1.toyota.com,,10.113.79.112,tbmnc-sw-803-mdf1-d-10x-ext-1.toyota.com
10.113.79.111,TBMNC-SW-803-MDF2-M-7-EXT-1.toyota.com,,10.113.79.111,tbmnc-sw-803-mdf2-m-7-ext-1.toyota.com
10.113.79.110,TBMNC-SW-803-MDF2-K-6-EXT-1.toyota.com,,10.113.79.110,tbmnc-sw-803-mdf2-k-6-ext-1.toyota.com
10.113.79.107,TBMNC-SW-803-MDF2-L-6-EXT-1.toyota.com,,10.113.79.107,N/A
10.113.79.106,TBMNC-SW-803-MDF2-Hx-6-EXT-1.toyota.com,,10.113.79.106,tbmnc-sw-803-mdf2-hx-6-ext-1.toyota.com
10.113.79.105,TBMNC-SW-803-MDF2-K-3-8-8-EXT-1.toyota.com,,10.113.79.105,tbmnc-sw-803-mdf2-k-3-8-8-ext-1.toyota.com
10.113.79.104,TBMNC-SW-803-MDF2-L-5-8-9-EXT-1.toyota.com,,10.113.79.104,tbmnc-sw-803-mdf2-l-5-8-9-ext-1.toyota.com
10.113.79.102,TBMNC-SW-801-MDF1-WEST-SEC-TURNS-03,,10.113.79.102,N/A
10.113.79.101,TBMNC-SW-801-MDF1-CENT-SEC-TURNS-02,,10.113.79.101,N/A
10.113.79.100,TBMNC-SW-801-MDF1-EAST-SEC-TURNS-01,,10.113.79.100,N/A
10.113.79.95,TBMNC-SW-803-MDF2-K-3-11-EXT-1.toyota.com,,10.113.79.95,tbmnc-sw-803-mdf2-k-3-11-ext-1.toyota.com
10.113.79.93,TBMNC-SW-803-MDF2-Hx-4-EXT-1.toyota.com,,10.113.79.93,tbmnc-sw-803-mdf2-hx-4-ext-1.toyota.com
10.113.79.92,TBMNC-SW-803-MDF2-J-4-EXT-1.toyota.com,,10.113.79.92,tbmnc-sw-803-mdf2-j-4-ext-1.toyota.com
10.113.79.91,TBMNC-SW-803-MDF2-J-10x-EXT-1.toyota.com,,10.113.79.91,tbmnc-sw-803-mdf2-j-10x-ext-1.toyota.com
10.113.79.88,TBMNC-SW-803-MDF2-K-10-EXT-1.toyota.com,,10.113.79.88,tbmnc-sw-803-mdf2-k-10-ext-1.toyota.com
10.113.79.87,TBMNC-SW-803-MDF2-L-8-EXT-1.toyota.com,,10.113.79.87,tbmnc-sw-803-mdf2-l-8-ext-1.toyota.com
10.113.79.85,TBMNC-SW-803-MDF2-L-9-EXT-1.toyota.com,,10.113.79.85,tbmnc-sw-803-mdf2-l-9-ext-1.toyota.com
10.113.79.83,TBMNC-SW-803-MDF2-L-3-EXT-1.toyota.com,,10.113.79.83,tbmnc-sw-803-mdf2-l-3-ext-1.toyota.com
10.113.79.82,TBMNC-SW-803-MDF2-L-5-EXT-1.toyota.com,,10.113.79.82,tbmnc-sw-803-mdf2-l-5-ext-1.toyota.com
10.113.79.81,TBMNC-SW-803-MDF2-M-4-8-EXT-1.toyota.com,,10.113.79.81,tbmnc-sw-803-mdf2-m-4-8-ext-1.toyota.com
10.113.79.80,TBMNC-SW-803-MDF2-J-3-EXT-1.toyota.com,,10.113.79.80,tbmnc-sw-803-mdf2-j-3-ext-1.toyota.com
10.113.79.41,TBMNC-SW-803-MDF2-J-2-8-EXT-1.toyota.com,,10.113.79.41,tbmnc-sw-803-mdf2-j-2-8-ext-1.toyota.com
10.113.79.39,TBMNC-SW-803-MDF2-K-9-EXT-1.toyota.com,,10.113.79.39,tbmnc-sw-803-mdf2-k-9-ext-1.toyota.com
10.113.71.229,TBMNC-SW-801-L1IDF1-E-5-5-EXT-1.toyota.com,,10.113.71.229,tbmnc-sw-801-l1idf1-e-5-5-ext-1.toyota.com
10.113.64.92,TBMNC-SW-803-MDF2-L-10x-EXT-1.toyota.com,,10.113.64.92,tbmnc-sw-803-mdf2-l-10x-ext-1.toyota.com
10.113.64.91,TBMNC-SW-803-MDF2-M-4-EXT-1.toyota.com,,10.113.64.91,tbmnc-sw-803-mdf2-m-4-ext-1.toyota.com
10.113.64.79,TBMNC-SW-803-MDF1-D-3-11-EXT-1.toyota.com,,10.113.64.79,tbmnc-sw-803-mdf1-d-3-11-ext-1.toyota.com
10.113.64.78,TBMNC-SW-803-MDF1-C-5-6-EXT-1.toyota.com,,10.113.64.78,tbmnc-sw-803-mdf1-c-5-6-ext-1.toyota.com
10.113.64.76,TBMNC-SW-803-MDF1-E-9-EXT-1.toyota.com,,10.113.64.76,tbmnc-sw-803-mdf1-e-9-ext-1.toyota.com
10.113.64.75,TBMNC-SW-803-MDF1-F-11-EXT-1.toyota.com,,10.113.64.75,tbmnc-sw-803-mdf1-f-11-ext-1.toyota.com
10.113.64.72,TBMNC-SW-803-MDF1-F-9-EXT-1.toyota.com,,10.113.64.72,tbmnc-sw-803-mdf1-f-9-ext-1.toyota.com
10.113.64.61,TBMNC-SW-802-IDF1-D-8-12-EXT-1.toyota.com,,10.113.64.61,tbmnc-sw-802-idf1-d-8-12-ext-1.toyota.com
10.113.64.60,TBMNC-SW-803-MDF1-F-8-9-EXT-1.toyota.com,,10.113.64.60,tbmnc-sw-803-mdf1-f-8-9-ext-1.toyota.com
10.113.64.59,TBMNC-SW-802-IDF1-E-5-11-EXT-1.toyota.com,,10.113.64.59,tbmnc-sw-802-idf1-e-5-11-ext-1.toyota.com
10.113.64.39,TBMNC-SW-802-IDF2-D-7-23-EXT-1.toyota.com,,10.113.64.39,tbmnc-sw-802-idf2-d-7-23-ext-1.toyota.com
10.113.64.38,TBMNC-SW-802-IDF2-F-24-3-EXT-1.toyota.com,,10.113.64.38,tbmnc-sw-802-idf2-f-24-3-ext-1.toyota.com
10.113.64.30,TBMNC-SW-801-MDF1-E-5-EXT-1.toyota.com,,10.113.64.30,tbmnc-sw-801-mdf1-e-5-ext-1.toyota.com
10.113.64.27,TBMNC-SW-801-MDF2-H-7-18-5-EXT-1.toyota.com,,10.113.64.27,tbmnc-sw-801-mdf2-h-7-18-5-ext-1.toyota.com
10.113.64.26,TBMNC-SW-801-L1IDF2-H-7-19-7-EXT-1.toyota.com,,10.113.64.26,tbmnc-sw-801-l1idf2-h-7-19-7-ext-1.toyota.com
10.113.64.25,TBMNC-SW-801-MDF1-E-6-EXT-1.toyota.com,,10.113.64.25,tbmnc-sw-801-mdf1-e-6-ext-1.toyota.com
10.113.64.15,TBMNC-SW-801-MDF2-E-14-EXT-1.toyota.com,,10.113.64.15,tbmnc-sw-801-mdf2-e-14-ext-1.toyota.com
10.113.64.14,TBMNC-SW-801-L1IDF2-D-7-15-EXT-1.toyota.com,,10.113.64.14,tbmnc-sw-801-l1idf2-d-7-15-ext-1.toyota.com
10.113.64.13,TBMNC-SW-801-MDF2-F-2-15-EXT-1.toyota.com,,10.113.64.13,tbmnc-sw-801-mdf2-f-2-15-ext-1.toyota.com
10.113.64.12,TBMNC-SW-801-MDF2-E-16-3-EXT-1.toyota.com,,10.113.64.12,tbmnc-sw-801-mdf2-e-16-3-ext-1.toyota.com
10.113.64.11,TBMNC-SW-801-MDF2-E-13-EXT-1.toyota.com,,10.113.64.11,tbmnc-sw-801-mdf2-e-13-ext-1.toyota.com
10.113.64.10,TBMNC-SW-801-L1IDF2-G-9-15-EXT-1.toyota.com,,10.113.64.10,tbmnc-sw-801-l1idf2-g-9-15-ext-1.toyota.com
10.113.64.9,TBMNC-SW-801-L1IDF2-G-5-20-EXT-1.toyota.com,,10.113.64.9,tbmnc-sw-801-l1idf2-g-5-20-ext-1.toyota.com
10.113.64.8,TBMNC-SW-801-MDF2-E-12-EXT-1.toyota.com,,10.113.64.8,tbmnc-sw-801-mdf2-e-12-ext-1.toyota.com
10.113.64.7,TBMNC-SW-801-L1IDF2-D-5-11-7-EXT-1.toyota.com,,10.113.64.7,tbmnc-sw-801-l1idf2-d-5-11-7-ext-1.toyota.com
10.113.64.5,TBMNC-SW-801-L1IDF2-F-7-14-EXT-1.toyota.com,,10.113.64.5,tbmnc-sw-801-l1idf2-f-7-14-ext-1.toyota.com
10.113.64.4,TBMNC-SW-801-L1IDF2-F-16-3-EXT-1.toyota.com,,10.113.64.4,tbmnc-sw-801-l1idf2-f-16-3-ext-1.toyota.com
10.113.64.3,TBMNC-SW-801-L1IDF2-E-12-5-EXT-1.toyota.com,,10.113.64.3,tbmnc-sw-801-l1idf2-e-12-5-ext-1.toyota.com
10.113.64.1,TBMNC-SW-801-MDF2-G-7-16-3-EXT-1.toyota.com,,10.113.64.1,tbmnc-sw-801-mdf2-g-7-16-3-ext-1.toyota.com
10.113.18.222,TBMNC-SW-801-MDF2-EDG-3.toyota.com,,10.113.18.222,tbmnc-sw-801-mdf2-edg-3.toyota.com
10.113.18.203,TBMNC-SW-802-B9-13-EDG-1.toyota.com,,10.113.18.203,N/A
10.113.18.202,TBMNC-SW-801-J9-IMAGE-EDG-1.toyota.com,,10.113.18.202,tbmnc-sw-801-j9-image-edg-1.toyota.com
10.113.18.193,TBMNC-SW-600-GH-EDG-1.toyota.com,,10.113.18.193,tbmnc-sw-600-gh-edg-1.toyota.com
10.113.18.190,TBMNC-SW-802-MDF2-EDG-2.toyota.com,,10.113.18.190,tbmnc-sw-802-mdf2-edg-2.toyota.com
10.113.18.187,TBMNC-SW-802-IDF2-AGG-EDG-1.toyota.com,,10.113.18.187,tbmnc-sw-802-idf2-agg-edg-1.toyota.com
10.113.18.186,TBMNC-SW-802-C9-19-EDG-1.toyota.com,,10.113.18.186,tbmnc-sw-802-c9-19-edg-1.toyota.com
10.113.18.181,TBMNC-SW-802-A9-EDG-1.toyota.com,,10.113.18.181,tbmnc-sw-802-a9-edg-1.toyota.com
10.113.18.180,TBMNC-SW-802-IDF2-EDG-2.toyota.com,,10.113.18.180,tbmnc-sw-802-idf2-edg-2.toyota.com
10.113.18.175,TBMNC-SW-802-H4-EDG-1.toyota.com,,10.113.18.175,tbmnc-sw-802-h4-edg-1.toyota.com
10.113.18.174,TBMNC-SW-802-IDF1-EDG-2.toyota.com,,10.113.18.174,tbmnc-sw-802-idf1-edg-2.toyota.com
10.113.18.169,TBMNC-SW-802-IDF1-AGG-EDG-1.toyota.com,,10.113.18.169,tbmnc-sw-802-idf1-agg-edg-1.toyota.com
10.113.18.168,TBMNC-SW-802-C9-15-EDG-1.toyota.com,,10.113.18.168,tbmnc-sw-802-c9-15-edg-1.toyota.com
10.113.18.161,TBMNC-SW-802-MDF1-EDG-2.toyota.com,,10.113.18.161,tbmnc-sw-802-mdf1-edg-2.toyota.com
10.113.18.158,TBMNC-SW-802-B3-EDG-1.toyota.com,,10.113.18.158,tbmnc-sw-802-b3-edg-1.toyota.com
10.113.18.151,TBMNC-SW-802-B9-9-EDG-1.toyota.com,,10.113.18.151,tbmnc-sw-802-b9-9-edg-1.toyota.com
10.113.18.150,TBMNC-SW-801-L2IDF2-EDG-1.toyota.com,,10.113.18.150,tbmnc-sw-801-l2idf2-edg-1.toyota.com
10.113.18.145,TBMNC-SW-801-L2IDF1-EDG-1.toyota.com,,10.113.18.145,tbmnc-sw-801-l2idf1-edg-1.toyota.com
10.113.18.144,TBMNC-SW-802-MDF2-AGG-EDG-1.toyota.com,,10.113.18.144,tbmnc-sw-802-mdf2-agg-edg-1.toyota.com
10.113.18.139,TBMNC-SW-802-MDF1-AGG-EDG-1.toyota.com,,10.113.18.139,tbmnc-sw-802-mdf1-agg-edg-1.toyota.com
10.113.18.138,TBMNC-SW-802-MDF1-INT-1A.toyota.com,,10.113.18.138,tbmnc-sw-802-mdf1-int-1a.toyota.com
10.113.18.129,TBMNC-SW-802-MDF2-INT-1B.toyota.com,,10.113.18.129,tbmnc-sw-802-mdf2-int-1b.toyota.com
10.113.18.126,TBMNC-SW-801-D7-EDG-1.toyota.com,,10.113.18.126,tbmnc-sw-801-d7-edg-1.toyota.com
10.113.18.117,TBMNC-SW-801-H7-EDG1.toyota.com,,10.113.18.117,tbmnc-sw-801-h7-edg1.toyota.com
10.113.18.116,TBMNC-SW-801-D4-EDG-1.toyota.com,,10.113.18.116,tbmnc-sw-801-d4-edg-1.toyota.com
10.113.18.103,TBMNC-SW-801-B9-EDG-1.toyota.com,,10.113.18.103,tbmnc-sw-801-b9-edg-1.toyota.com
10.113.18.102,TBMNC-SW-801-A9-EDG1.toyota.com,,10.113.18.102,tbmnc-sw-801-a9-edg-1.toyota.com
10.113.18.97,TBMNC-SW-801-C9-EDG1.toyota.com,,10.113.18.97,tbmnc-sw-801-c9-edg-1.toyota.com
10.113.18.94,TBMNC-SW-801-L1IDF1-EDG2.toyota.com,,10.113.18.94,tbmnc-sw-801-l1idf1-edg-2.toyota.com
10.113.18.85,TBMNC-SW-801-L1IDF1-AGG-EDG1.toyota.com,,10.113.18.85,tbmnc-sw-801-l1idf1-agg-edg-1.toyota.com
10.113.18.84,TBMNC-SW-DC-C12-EDG-2.toyota.com,,10.113.18.84,tbmnc-sw-dc-c12-edg-2.toyota.com
10.113.18.65,TBMNC-SW-DC-B10-EDG-2.toyota.com,,10.113.18.65,tbmnc-sw-dc-b10-edg-2.toyota.com
10.113.18.62,TBMNC-SW-803-PE-TRL-800-EDG-1.toyota.com,,10.113.18.62,tbmnc-sw-801-pe-trl-edg-1.toyota.com
10.113.18.53,TBMNC-SW-DC-C03-EDG-1.toyota.com,,10.113.18.53,tbmnc-sw-dc-c03-edg-1.toyota.com
10.113.18.52,TBMNC-SW-DC-B01-EDG-1.toyota.com,,10.113.18.52,tbmnc-sw-dc-b01-edg-1.toyota.com
10.113.18.33,TBMNC-SW-801-L1IDF2-EDG-2.toyota.com,,10.113.18.33,tbmnc-sw-801-l1idf2-edg-2.toyota.com
10.113.18.30,TBMNC-SW-801-MDF2-EDG-2.toyota.com,,10.113.18.30,tbmnc-sw-801-mdf2-edg-2.toyota.com
10.113.18.29,TBMNC-SW-801-L1IDF2-AGG-EDG-1.toyota.com,,10.113.18.29,tbmnc-sw-801-l1idf2-agg-edg-1.toyota.com
10.113.18.28,TBMNC-SW-801-MDF1-EDG-2.toyota.com,,10.113.18.28,tbmnc-sw-801-mdf1-edg-2.toyota.com
10.113.18.23,TBMNC-SW-DC-A11-EDG-2.toyota.com,,10.113.18.23,tbmnc-sw-dc-a11-edg-2.toyota.com
10.113.18.22,TBMNC-SW-DC-A02-EDG-1.toyota.com,,10.113.18.22,tbmnc-sw-dc-a02-edg-1.toyota.com
10.113.18.17,TBMNC-SW-DC-A02-INT-1A.toyota.com,,10.113.18.17,tbmnc-sw-dc-a02-int-1a.toyota.com
10.113.18.16,TBMNC-SW-DC-A11-INT-1B.toyota.com,,10.113.18.16,tbmnc-sw-dc-a11-int-1b.toyota.com
10.113.18.11,TBMNC-SW-801-MDF1-AGG-EDG-1.toyota.com,,10.113.18.11,tbmnc-sw-801-mdf1-agg-edg-1.toyota.com
10.113.18.10,TBMNC-SW-801-MDF2-AGG-EDG-1.toyota.com,,10.113.18.10,tbmnc-sw-801-mdf2-agg-edg-1.toyota.com
10.113.18.5,TBMNC-SW-801-MDF1-INT-1A.toyota.com,,10.113.18.5,tbmnc-sw-801-mdf1-int-1a.toyota.com
10.113.18.4,TBMNC-SW-801-MDF2-INT-1B.toyota.com,,10.113.18.4,tbmnc-sw-801-mdf2-int-1b.toyota.com
10.113.16.205,TBMNC-SW-803-MDF2-EDG-3.toyota.com,,10.113.16.205,tbmnc-sw-803-mdf2-edg-3.toyota.com
10.113.16.204,TBMNC-SW-803-IDF508-EDG-1.toyota.com,,10.113.16.204,tbmnc-sw-803-idf508-edg-1.toyota.com
10.113.16.193,TBMNC-SW-802-IDF2-AGG-EDG-2.toyota.com,,10.113.16.193,N/A
10.113.16.190,TBMNC-SW-802-MDF2-EDG-3.toyota.com,,10.113.16.190,N/A
10.113.16.171,TBMNC-SW-803-MDF1-EDG-2.toyota.com,,10.113.16.171,tbmnc-sw-803-mdf1-edg-2.toyota.com
10.113.16.170,TBMNC-SW-803-L7-EDG-2.toyota.com,,10.113.16.170,tbmnc-sw-803-l7-edg-2.toyota.com
10.113.16.161,TBMNC-SW-803-H16-EDG-1.toyota.com,,10.113.16.161,tbmnc-sw-803-h16-edg-1.toyota.com
10.113.16.158,TBMNC-SW-803-K3-EDG-2.toyota.com,,10.113.16.158,tbmnc-sw-803-k3-edg-2.toyota.com
10.113.16.157,TBMNC-SW-803-M5-22-EDG-1.toyota.com,,10.113.16.157,tbmnc-sw-803-m5-22-edg-1.toyota.com
10.113.16.156,TBMNC-SW-803-M5-16-EDG-1.toyota.com,,10.113.16.156,tbmnc-sw-803-m5-16-edg-1.toyota.com
10.113.16.149,TBMNC-SW-803-MDF2-EDG-2.toyota.com,,10.113.16.149,tbmnc-sw-803-mdf2-edg-2.toyota.com
10.113.16.148,TBMNC-SW-803-PE-TRL-EDG-1.toyota.com,,10.113.16.148,tbmnc-sw-803-pe-trl-edg-1.toyota.com
10.113.16.129,TBMNC-SW-803-F25-EDG-1.toyota.com,,10.113.16.129,tbmnc-sw-803-f25-edg-1.toyota.com
10.113.16.126,TBMNC-SW-803-D3-EDG-1.toyota.com,,10.113.16.126,tbmnc-sw-803-d3-edg-1.toyota.com
10.113.16.121,TBMNC-SW-803-E6-EDG-1.toyota.com,,10.113.16.121,tbmnc-sw-803-e6-edg-1.toyota.com
10.113.16.120,TBMNC-SW-803-C11-EDG-1.toyota.com,,10.113.16.120,tbmnc-sw-803-c11-edg-1.toyota.com
10.113.16.115,TBMNC-SW-803-H21-EDG-1.toyota.com,,10.113.16.115,tbmnc-sw-803-h21-edg-1.toyota.com
10.113.16.114,TBMNC-SW-803-C15-EDG-1.toyota.com,,10.113.16.114,tbmnc-sw-803-c15-edg-1.toyota.com
10.113.16.105,TBMNC-SW-802-FH-EDG-1.toyota.com,,10.113.16.105,N/A
10.113.16.104,TBMNC-SW-FH-INT-1A.toyota.com,,10.113.16.104,N/A
10.113.16.97,TBMNC-SW-FH-INT-1B.toyota.com,,10.113.16.97,N/A
10.113.16.82,TBMNC-SW-803-L13-EDG-1.toyota.com,,10.113.16.82,tbmnc-sw-803-l13-edg-1.toyota.com
10.113.16.77,TBMNC-SW-803-L18-EDG-1.toyota.com,,10.113.16.77,tbmnc-sw-803-l18-edg-1.toyota.com
10.113.16.76,TBMNC-SW-803-K23-EDG-1.toyota.com,,10.113.16.76,tbmnc-sw-803-k23-edg-1.toyota.com
10.113.16.65,TBMNC-SW-803-F18-EDG-1.toyota.com,,10.113.16.65,tbmnc-sw-803-f18-edg-1.toyota.com
10.113.16.62,TBMNC-SW-803-G10-EDG-1.toyota.com,,10.113.16.62,tbmnc-sw-803-g10-edg-1.toyota.com
10.113.16.51,TBMNC-SW-803-G13-EDG-1.toyota.com,,10.113.16.51,tbmnc-sw-803-g13-edg-1.toyota.com
10.113.16.50,TBMNC-SW-803-MDF1-AGG-EDG-1.toyota.com,,10.113.16.50,tbmnc-sw-803-mdf1-agg-edg-1.toyota.com
10.113.16.45,TBMNC-SW-803-MDF1-AGG-EDG-2.toyota.com,,10.113.16.45,tbmnc-sw-803-mdf1-agg-edg-2.toyota.com
10.113.16.44,TBMNC-SW-803-MDF2-AGG-EDG-2.toyota.com,,10.113.16.44,tbmnc-sw-803-mdf2-agg-edg-2.toyota.com
10.113.16.33,TBMNC-SW-803-MDF2-AGG-EDG-1.toyota.com,,10.113.16.33,tbmnc-sw-803-mdf2-agg-edg-1.toyota.com
10.113.16.30,TBMNC-SW-803-MDF1-INT-1A.toyota.com,,10.113.16.30,tbmnc-sw-803-mdf1-int-1a.toyota.com
10.113.16.29,TBMNC-SW-803-MDF2-INT-1B.toyota.com,,10.113.16.29,tbmnc-sw-803-mdf2-int-1b.toyota.com
10.113.16.28,TBMNC-SW-801-L1IDF2-EDG-3.toyota.com,,10.113.16.28,N/A
10.113.16.1,TBMNC-SW-801-L2IDF2-EDG-2.toyota.com,,10.113.16.1,tbmnc-sw-801-l2idf2-edg-2.toyota.com
10.113.2.2,TBMNC-SW-DC-A10-BOR-1B.toyota.com,,10.113.2.2,tbmnc-sw-dc-a10-bor-1b.toyota.com
10.113.2.1,TBMNC-SW-DC-A03-BOR-1A.toyota.com,,10.113.2.1,tbmnc-sw-dc-a03-bor-1a.toyota.com
10.113.0.1,TBMNC-SW-DC-A03-A10-FUS-1A.toyota.com,,10.113.0.1,tbmnc-sw-dc-a03-a10-fus-1a.toyota.com
